Workbook
Name AdditionalName: Info!$B$19
Name Approved: Info!$B$9
Name Author: Info!$B$7
Name CreationDate: Info!$B$6
Name Destination: Info!$B$18
Name DocName: Info!$B$12
Name IsBlock: Info!$B$14
Name KDNumber: Info!$B$3
Name N.Contr: Info!$B$10
Name NameAdd: Info!$B$5
Name NameMain: Info!$B$4
Name NumKD: Info!$B$3
Name OrderNumber: Info!$B$2
Name Revisor: Info!$B$8
Name SelectedText1: Info!$B$21
Name SelectedText2: Info!$B$22
Name SheetsNumber: Info!$B$15
Name T.Contr: Info!$B$11
Name Version: Info!$B$13

Sheet Для печати
D1: Поз. обозначение | H1: Наименование | N1: Кол. | S1: Приме- чание
D2: =Таблица!A11 -> 0 | H2: =Таблица!B11 -> 0 | N2: =Таблица!C11 -> 0 | S2: =Таблица!D11 -> 0
D3: =Таблица!A12 -> 0 | H3: =Таблица!B12 -> 0 | N3: =Таблица!C12 -> 0 | S3: =Таблица!D12 -> 0
D4: =Таблица!A13 -> 0 | H4: =Таблица!B13 -> 0 | N4: =Таблица!C13 -> 0 | S4: =Таблица!D13 -> 0
D5: =Таблица!A14 -> 0 | H5: =Таблица!B14 -> 0 | N5: =Таблица!C14 -> 0 | S5: =Таблица!D14 -> 0
D6: =Таблица!A15 -> 0 | H6: =Таблица!B15 -> 0 | N6: =Таблица!C15 -> 0 | S6: =Таблица!D15 -> 0
D7: =Таблица!A16 -> 0 | H7: =Таблица!B16 -> 0 | N7: =Таблица!C16 -> 0 | S7: =Таблица!D16 -> 0
D8: =Таблица!A17 -> 0 | H8: =Таблица!B17 -> 0 | N8: =Таблица!C17 -> 0 | S8: =Таблица!D17 -> 0
D9: =Таблица!A18 -> 0 | H9: =Таблица!B18 -> 0 | N9: =Таблица!C18 -> 0 | S9: =Таблица!D18 -> 0
D10: =Таблица!A19 -> 0 | H10: =Таблица!B19 -> 0 | N10: =Таблица!C19 -> 0 | S10: =Таблица!D19 -> 0
D11: =Таблица!A20 -> 0 | H11: =Таблица!B20 -> 0 | N11: =Таблица!C20 -> 0 | S11: =Таблица!D20 -> 0
D12: =Таблица!A21 -> 0 | H12: =Таблица!B21 -> 0 | N12: =Таблица!C21 -> 0 | S12: =Таблица!D21 -> 0
D13: =Таблица!A22 -> 0 | H13: =Таблица!B22 -> 0 | N13: =Таблица!C22 -> 0 | S13: =Таблица!D22 -> 0
... D16: =Таблица!A25 -> 0 | H16: =Таблица!B25 -> 0 | N16: =Таблица!C25 -> 0 | S16: =Таблица!D25 -> 0
B17: Подпись и дата | D17: =Таблица!A26 -> 0 | H17: =Таблица!B26 -> 0 | N17: =Таблица!C26 -> 0 | S17: =Таблица!D26 -> 0
D18: =Таблица!A27 -> 0 | H18: =Таблица!B27 -> 0 | N18: =Таблица!C27 -> 0 | S18: =Таблица!D27 -> 0
D19: =Таблица!A28 -> 0 | H19: =Таблица!B28 -> 0 | N19: =Таблица!C28 -> 0 | S19: =Таблица!D28 -> 0
D20: =Таблица!A29 -> 0 | H20: =Таблица!B29 -> 0 | N20: =Таблица!C29 -> 0 | S20: =Таблица!D29 -> 0
D21: =Таблица!A30 -> 0 | H21: =Таблица!B30 -> 0 | N21: =Таблица!C30 -> 0 | S21: =Таблица!D30 -> 0
B22: Инв. № дубл. | D22: =Таблица!A31 -> 0 | H22: =Таблица!B31 -> 0 | N22: =Таблица!C31 -> 0 | S22: =Таблица!D31 -> 0
D23: =Таблица!A32 -> 0 | H23: =Таблица!B32 -> 0 | N23: =Таблица!C32 -> 0 | S23: =Таблица!D32 -> 0
D24: =Таблица!A33 -> 0 | H24: =Таблица!B33 -> 0 | N24: =Таблица!C33 -> 0 | S24: =Таблица!D33 -> 0
B25: Взам. инв. № | D25: =Таблица!A34 -> 0 | H25: =Таблица!B34 -> 0 | N25: =Таблица!C34 -> 0 | S25: =Таблица!D34 -> 0
D26: =Таблица!A35 -> 0 | H26: =Таблица!B35 -> 0 | N26: =Таблица!C35 -> 0 | S26: =Таблица!D35 -> 0
D27: =Таблица!A36 -> 0 | H27: =Таблица!B36 -> 0 | N27: =Таблица!C36 -> 0 | S27: =Таблица!D36 -> 0
B28: Подпись и дата | D28: =Таблица!A37 -> 0 | H28: =Таблица!B37 -> 0 | N28: =Таблица!C37 -> 0 | S28: =Таблица!D37 -> 0
D29: =Таблица!A38 -> 0 | H29: =Таблица!B38 -> 0 | N29: =Таблица!C38 -> 0 | S29: =Таблица!D38 -> 0
D30: =Version -> 1 | J30: =KDNumber -> 0
D32: Изм. | E32: Лист | F32: № докум. | G32: Подп. | I32: Дата
B33: Инв. № подл. | D33: Разраб. | F33: =Author -> 0 | I33: =CreationDate -> 23.10.26 | J33: =NameMain & CHAR(10) & NameAdd & CHAR(10) & DocName -> ЗИП Перечень электрокомпонентов | K33: Лит | R33: Лист | T33: Листов
D34: Пров. | F34: =Revisor -> 0 | I34: =CreationDate -> 23.10.26 | K34: И | R34: 1 | T34: =SheetsNumber -> 1
D36: Н.конт. | F36: =N.Contr -> 0 | I36: =CreationDate -> 23.10.26
D37: Утв. | F37: =Approved -> 0 | I37: =CreationDate -> 23.10.26

Sheet Таблица

Sheet Info
A1: Параметр | B1: Значение
A2: Номер заказа
A3: Номер КД сборочной единицы
A4: Наименование основное
A5: Наименование дополнительное | B5: ЗИП
A6: Дата | B6: 23.10.26
A7: Исполнитель
A8: Пров.
A9: Утв.
A10: Н. контр
A11: Т. контр
A12: Название документа | B12: Перечень электрокомпонентов
A13: Версия | B13: 1
A14: Блок (да/нет) | B14: FALSE
A15: Количество листов в документе | B15: 1
A21: Выделить в перечне
A22: Выделить в перечне

Sheet Шаблон листа
D1: Поз. обозначение | H1: Наименование | N1: Кол. | S1: Приме- чание
D2: =Таблица!A2 -> 0 | H2: =Таблица!B2 -> 0 | N2: =Таблица!C2 -> 0 | S2: =Таблица!D2 -> 0
D3: =Таблица!A3 -> 0 | H3: =Таблица!B3 -> 0 | N3: =Таблица!C3 -> 0 | S3: =Таблица!D3 -> 0
D4: =Таблица!A4 -> 0 | H4: =Таблица!B4 -> 0 | N4: =Таблица!C4 -> 0 | S4: =Таблица!D4 -> 0
D5: =Таблица!A5 -> 0 | H5: =Таблица!B5 -> 0 | N5: =Таблица!C5 -> 0 | S5: =Таблица!D5 -> 0
D6: =Таблица!A6 -> 0 | H6: =Таблица!B6 -> 0 | N6: =Таблица!C6 -> 0 | S6: =Таблица!D6 -> 0
D7: =Таблица!A7 -> 0 | H7: =Таблица!B7 -> 0 | N7: =Таблица!C7 -> 0 | S7: =Таблица!D7 -> 0
D8: =Таблица!A8 -> 0 | H8: =Таблица!B8 -> 0 | N8: =Таблица!C8 -> 0 | S8: =Таблица!D8 -> 0
D9: =Таблица!A9 -> 0 | H9: =Таблица!B9 -> 0 | N9: =Таблица!C9 -> 0 | S9: =Таблица!D9 -> 0
D10: =Таблица!A10 -> 0 | H10: =Таблица!B10 -> 0 | N10: =Таблица!C10 -> 0 | S10: =Таблица!D10 -> 0
D11: =Таблица!A11 -> 0 | H11: =Таблица!B11 -> 0 | N11: =Таблица!C11 -> 0 | S11: =Таблица!D11 -> 0
D12: =Таблица!A12 -> 0 | H12: =Таблица!B12 -> 0 | N12: =Таблица!C12 -> 0 | S12: =Таблица!D12 -> 0
D13: =Таблица!A13 -> 0 | H13: =Таблица!B13 -> 0 | N13: =Таблица!C13 -> 0 | S13: =Таблица!D13 -> 0
D14: =Таблица!A14 -> 0 | H14: =Таблица!B14 -> 0 | N14: =Таблица!C14 -> 0 | S14: =Таблица!D14 -> 0
B15: Подпись и дата | D15: =Таблица!A15 -> 0 | H15: =Таблица!B15 -> 0 | N15: =Таблица!C15 -> 0 | S15: =Таблица!D15 -> 0
D16: =Таблица!A16 -> 0 | H16: =Таблица!B16 -> 0 | N16: =Таблица!C16 -> 0 | S16: =Таблица!D16 -> 0
D17: =Таблица!A17 -> 0 | H17: =Таблица!B17 -> 0 | N17: =Таблица!C17 -> 0 | S17: =Таблица!D17 -> 0
D18: =Таблица!A18 -> 0 | H18: =Таблица!B18 -> 0 | N18: =Таблица!C18 -> 0 | S18: =Таблица!D18 -> 0
D19: =Таблица!A19 -> 0 | H19: =Таблица!B19 -> 0 | N19: =Таблица!C19 -> 0 | S19: =Таблица!D19 -> 0
B20: Инв. № дубл. | D20: =Таблица!A20 -> 0 | H20: =Таблица!B20 -> 0 | N20: =Таблица!C20 -> 0 | S20: =Таблица!D20 -> 0
D21: =Таблица!A21 -> 0 | H21: =Таблица!B21 -> 0 | N21: =Таблица!C21 -> 0 | S21: =Таблица!D21 -> 0
D22: =Таблица!A22 -> 0 | H22: =Таблица!B22 -> 0 | N22: =Таблица!C22 -> 0 | S22: =Таблица!D22 -> 0
B23: Взам. инв. № | D23: =Таблица!A23 -> 0 | H23: =Таблица!B23 -> 0 | N23: =Таблица!C23 -> 0 | S23: =Таблица!D23 -> 0
D24: =Таблица!A24 -> 0 | H24: =Таблица!B24 -> 0 | N24: =Таблица!C24 -> 0 | S24: =Таблица!D24 -> 0
D25: =Таблица!A25 -> 0 | H25: =Таблица!B25 -> 0 | N25: =Таблица!C25 -> 0 | S25: =Таблица!D25 -> 0
B26: Подпись и дата | D26: =Таблица!A26 -> 0 | H26: =Таблица!B26 -> 0 | N26: =Таблица!C26 -> 0 | S26: =Таблица!D26 -> 0
D27: =Таблица!A27 -> 0 | H27: =Таблица!B27 -> 0 | N27: =Таблица!C27 -> 0 | S27: =Таблица!D27 -> 0
D28: =Таблица!A28 -> 0 | H28: =Таблица!B28 -> 0 | N28: =Таблица!C28 -> 0 | S28: =Таблица!D28 -> 0
D29: =Таблица!A29 -> 0 | H29: =Таблица!B29 -> 0 | N29: =Таблица!C29 -> 0 | S29: =Таблица!D29 -> 0
D30: =Таблица!A30 -> 0 | H30: =Таблица!B30 -> 0 | N30: =Таблица!C30 -> 0 | S30: =Таблица!D30 -> 0
B31: Инв. № подл. | D31: =Таблица!A31 -> 0 | H31: =Таблица!B31 -> 0 | N31: =Таблица!C31 -> 0 | S31: =Таблица!D31 -> 0
D32: =Таблица!A32 -> 0 | H32: =Таблица!B32 -> 0 | N32: =Таблица!C32 -> 0 | S32: =Таблица!D32 -> 0
J33: =KDNumber -> 0 | T33: Лист
T34: =((ROW(A1)-1-38)/35)+2 -> 0.91428571
D35: Изм. | E35: Лист | F35: № докум. | G35: Подп. | I35: Дата
